park,complaints_2024_26,citations_2024_26,complaint_citation_ratio,latitude,longitude,provenance
WEST QUEEN ANNE PLAYFIELD,255,53,4.81,47.635507,-122.359489,"calculated: complaints PRR C263990 (point-in-polygon vs ParkServe) vs DLP citations PRR C263949 (park-named), 2024-2026; scripts/compare_complaints_citations.py"
WARREN G. MAGNUSON PARK,140,51,2.75,47.680198,-122.255054,"calculated: complaints PRR C263990 (point-in-polygon vs ParkServe) vs DLP citations PRR C263949 (park-named), 2024-2026; scripts/compare_complaints_citations.py"
DISCOVERY PARK,109,59,1.85,47.660735,-122.416015,"calculated: complaints PRR C263990 (point-in-polygon vs ParkServe) vs DLP citations PRR C263949 (park-named), 2024-2026; scripts/compare_complaints_citations.py"
MAPLE LEAF RESERVOIR PARK,147,21,7.0,47.690146,-122.31548,"calculated: complaints PRR C263990 (point-in-polygon vs ParkServe) vs DLP citations PRR C263949 (park-named), 2024-2026; scripts/compare_complaints_citations.py"
EAST QUEEN ANNE PLAYGROUND,132,10,13.2,47.636133,-122.353773,"calculated: complaints PRR C263990 (point-in-polygon vs ParkServe) vs DLP citations PRR C263949 (park-named), 2024-2026; scripts/compare_complaints_citations.py"
VOLUNTEER PARK,99,25,3.96,47.630372,-122.315553,"calculated: complaints PRR C263990 (point-in-polygon vs ParkServe) vs DLP citations PRR C263949 (park-named), 2024-2026; scripts/compare_complaints_citations.py"
DELRIDGE PLAYFIELD,111,10,11.1,47.562836,-122.364354,"calculated: complaints PRR C263990 (point-in-polygon vs ParkServe) vs DLP citations PRR C263949 (park-named), 2024-2026; scripts/compare_complaints_citations.py"
LAURELHURST PLAYFIELD,96,21,4.57,47.659884,-122.278004,"calculated: complaints PRR C263990 (point-in-polygon vs ParkServe) vs DLP citations PRR C263949 (park-named), 2024-2026; scripts/compare_complaints_citations.py"
BEACON HILL PLAYGROUND,108,2,54.0,47.586222,-122.31531,"calculated: complaints PRR C263990 (point-in-polygon vs ParkServe) vs DLP citations PRR C263949 (park-named), 2024-2026; scripts/compare_complaints_citations.py"
E HARRISON ST,109,0,,47.62264,-122.282592,"calculated: complaints PRR C263990 (point-in-polygon vs ParkServe) vs DLP citations PRR C263949 (park-named), 2024-2026; scripts/compare_complaints_citations.py"
LINCOLN PARK,97,11,8.82,47.531154,-122.395833,"calculated: complaints PRR C263990 (point-in-polygon vs ParkServe) vs DLP citations PRR C263949 (park-named), 2024-2026; scripts/compare_complaints_citations.py"
CAL ANDERSON PARK,95,8,11.88,47.617008,-122.319117,"calculated: complaints PRR C263990 (point-in-polygon vs ParkServe) vs DLP citations PRR C263949 (park-named), 2024-2026; scripts/compare_complaints_citations.py"
RAINIER PLAYFIELD,100,1,100.0,47.561813,-122.286184,"calculated: complaints PRR C263990 (point-in-polygon vs ParkServe) vs DLP citations PRR C263949 (park-named), 2024-2026; scripts/compare_complaints_citations.py"
GREEN LAKE PARK,93,8,11.62,47.678224,-122.33773,"calculated: complaints PRR C263990 (point-in-polygon vs ParkServe) vs DLP citations PRR C263949 (park-named), 2024-2026; scripts/compare_complaints_citations.py"
SALMON BAY PARK,85,15,5.67,47.679512,-122.382129,"calculated: complaints PRR C263990 (point-in-polygon vs ParkServe) vs DLP citations PRR C263949 (park-named), 2024-2026; scripts/compare_complaints_citations.py"
WOODLAND PARK,62,35,1.77,47.668885,-122.344161,"calculated: complaints PRR C263990 (point-in-polygon vs ParkServe) vs DLP citations PRR C263949 (park-named), 2024-2026; scripts/compare_complaints_citations.py"
GENESEE PARK AND PLAYFIELD,68,11,6.18,47.56486,-122.278761,"calculated: complaints PRR C263990 (point-in-polygon vs ParkServe) vs DLP citations PRR C263949 (park-named), 2024-2026; scripts/compare_complaints_citations.py"
QUEEN ANNE BOWL PLAYFIELD,66,4,16.5,47.645593,-122.359732,"calculated: complaints PRR C263990 (point-in-polygon vs ParkServe) vs DLP citations PRR C263949 (park-named), 2024-2026; scripts/compare_complaints_citations.py"
GOLDEN GARDENS PARK,44,24,1.83,47.691453,-122.402482,"calculated: complaints PRR C263990 (point-in-polygon vs ParkServe) vs DLP citations PRR C263949 (park-named), 2024-2026; scripts/compare_complaints_citations.py"
PENDLETON MILLER PLAYFIELD,59,7,8.43,47.621426,-122.306246,"calculated: complaints PRR C263990 (point-in-polygon vs ParkServe) vs DLP citations PRR C263949 (park-named), 2024-2026; scripts/compare_complaints_citations.py"
HIAWATHA PLAYFIELD,55,10,5.5,47.578267,-122.38495,"calculated: complaints PRR C263990 (point-in-polygon vs ParkServe) vs DLP citations PRR C263949 (park-named), 2024-2026; scripts/compare_complaints_citations.py"
DAVID RODGERS PARK,47,13,3.62,47.644142,-122.359469,"calculated: complaints PRR C263990 (point-in-polygon vs ParkServe) vs DLP citations PRR C263949 (park-named), 2024-2026; scripts/compare_complaints_citations.py"
LOYAL HEIGHTS PLAYFIELD,36,13,2.77,47.6841,-122.383226,"calculated: complaints PRR C263990 (point-in-polygon vs ParkServe) vs DLP citations PRR C263949 (park-named), 2024-2026; scripts/compare_complaints_citations.py"
ROGERS PLAYGROUND,35,11,3.18,47.642594,-122.325243,"calculated: complaints PRR C263990 (point-in-polygon vs ParkServe) vs DLP citations PRR C263949 (park-named), 2024-2026; scripts/compare_complaints_citations.py"
WALLINGFORD PLAYFIELD,35,8,4.38,47.658548,-122.337419,"calculated: complaints PRR C263990 (point-in-polygon vs ParkServe) vs DLP citations PRR C263949 (park-named), 2024-2026; scripts/compare_complaints_citations.py"
BALLARD PLAYGROUND,36,6,6.0,47.67278,-122.391535,"calculated: complaints PRR C263990 (point-in-polygon vs ParkServe) vs DLP citations PRR C263949 (park-named), 2024-2026; scripts/compare_complaints_citations.py"
GILMAN PLAYGROUND,24,18,1.33,47.667287,-122.369669,"calculated: complaints PRR C263990 (point-in-polygon vs ParkServe) vs DLP citations PRR C263949 (park-named), 2024-2026; scripts/compare_complaints_citations.py"
B.F. DAY PLAYGROUND,37,5,7.4,47.656024,-122.349208,"calculated: complaints PRR C263990 (point-in-polygon vs ParkServe) vs DLP citations PRR C263949 (park-named), 2024-2026; scripts/compare_complaints_citations.py"
SEWARD PARK,26,14,1.86,47.554798,-122.251991,"calculated: complaints PRR C263990 (point-in-polygon vs ParkServe) vs DLP citations PRR C263949 (park-named), 2024-2026; scripts/compare_complaints_citations.py"
WESTCREST PARK,28,11,2.55,47.524566,-122.340179,"calculated: complaints PRR C263990 (point-in-polygon vs ParkServe) vs DLP citations PRR C263949 (park-named), 2024-2026; scripts/compare_complaints_citations.py"
SANDEL PLAYGROUND,32,6,5.33,47.695129,-122.358684,"calculated: complaints PRR C263990 (point-in-polygon vs ParkServe) vs DLP citations PRR C263949 (park-named), 2024-2026; scripts/compare_complaints_citations.py"
SOUNDVIEW PLAYFIELD,9,24,0.38,47.695409,-122.378864,"calculated: complaints PRR C263990 (point-in-polygon vs ParkServe) vs DLP citations PRR C263949 (park-named), 2024-2026; scripts/compare_complaints_citations.py"
JUDKINS PARK AND PLAYFIELD N,16,17,0.94,47.594457,-122.30381,"calculated: complaints PRR C263990 (point-in-polygon vs ParkServe) vs DLP citations PRR C263949 (park-named), 2024-2026; scripts/compare_complaints_citations.py"
JEFFERSON PARK,21,12,1.75,47.568903,-122.310777,"calculated: complaints PRR C263990 (point-in-polygon vs ParkServe) vs DLP citations PRR C263949 (park-named), 2024-2026; scripts/compare_complaints_citations.py"
ALKI BEACH PARK,23,9,2.56,47.583627,-122.403339,"calculated: complaints PRR C263990 (point-in-polygon vs ParkServe) vs DLP citations PRR C263949 (park-named), 2024-2026; scripts/compare_complaints_citations.py"
RAVENNA-ECKSTEIN PARK,28,2,14.0,47.676873,-122.304917,"calculated: complaints PRR C263990 (point-in-polygon vs ParkServe) vs DLP citations PRR C263949 (park-named), 2024-2026; scripts/compare_complaints_citations.py"
MEADOWBROOK PLAYFIELD,21,8,2.62,47.705766,-122.293479,"calculated: complaints PRR C263990 (point-in-polygon vs ParkServe) vs DLP citations PRR C263949 (park-named), 2024-2026; scripts/compare_complaints_citations.py"
MARTHA WASHINGTON PARK,8,17,0.47,47.542432,-122.260413,"calculated: complaints PRR C263990 (point-in-polygon vs ParkServe) vs DLP citations PRR C263949 (park-named), 2024-2026; scripts/compare_complaints_citations.py"
CARKEEK PARK,11,14,0.79,47.710532,-122.365939,"calculated: complaints PRR C263990 (point-in-polygon vs ParkServe) vs DLP citations PRR C263949 (park-named), 2024-2026; scripts/compare_complaints_citations.py"
GAS WORKS PARK,18,5,3.6,47.645742,-122.335106,"calculated: complaints PRR C263990 (point-in-polygon vs ParkServe) vs DLP citations PRR C263949 (park-named), 2024-2026; scripts/compare_complaints_citations.py"
WASHINGTON PARK,21,1,21.0,47.626529,-122.294089,"calculated: complaints PRR C263990 (point-in-polygon vs ParkServe) vs DLP citations PRR C263949 (park-named), 2024-2026; scripts/compare_complaints_citations.py"
LOWMAN BEACH PARK,17,5,3.4,47.540128,-122.396981,"calculated: complaints PRR C263990 (point-in-polygon vs ParkServe) vs DLP citations PRR C263949 (park-named), 2024-2026; scripts/compare_complaints_citations.py"
LAKEWOOD PLAYGROUND,21,1,21.0,47.558824,-122.270046,"calculated: complaints PRR C263990 (point-in-polygon vs ParkServe) vs DLP citations PRR C263949 (park-named), 2024-2026; scripts/compare_complaints_citations.py"
GREENWOOD PARK,20,2,10.0,47.693042,-122.350597,"calculated: complaints PRR C263990 (point-in-polygon vs ParkServe) vs DLP citations PRR C263949 (park-named), 2024-2026; scripts/compare_complaints_citations.py"
VIEW RIDGE PLAYFIELD,7,13,0.54,47.680355,-122.281058,"calculated: complaints PRR C263990 (point-in-polygon vs ParkServe) vs DLP citations PRR C263949 (park-named), 2024-2026; scripts/compare_complaints_citations.py"
ROSS PLAYGROUND,12,7,1.71,47.659713,-122.361332,"calculated: complaints PRR C263990 (point-in-polygon vs ParkServe) vs DLP citations PRR C263949 (park-named), 2024-2026; scripts/compare_complaints_citations.py"
T.T. MINOR PLAYGROUND,18,1,18.0,47.613501,-122.31037,"calculated: complaints PRR C263990 (point-in-polygon vs ParkServe) vs DLP citations PRR C263949 (park-named), 2024-2026; scripts/compare_complaints_citations.py"
LICTON SPRINGS PARK,10,8,1.25,47.698537,-122.33872,"calculated: complaints PRR C263990 (point-in-polygon vs ParkServe) vs DLP citations PRR C263949 (park-named), 2024-2026; scripts/compare_complaints_citations.py"
WASHINGTON PARK AND ARBORETUM,13,5,2.6,47.63715,-122.294893,"calculated: complaints PRR C263990 (point-in-polygon vs ParkServe) vs DLP citations PRR C263949 (park-named), 2024-2026; scripts/compare_complaints_citations.py"
RAVENNA PARK,9,9,1.0,47.671412,-122.305675,"calculated: complaints PRR C263990 (point-in-polygon vs ParkServe) vs DLP citations PRR C263949 (park-named), 2024-2026; scripts/compare_complaints_citations.py"
MERIDIAN PLAYGROUND,6,10,0.6,47.664153,-122.332544,"calculated: complaints PRR C263990 (point-in-polygon vs ParkServe) vs DLP citations PRR C263949 (park-named), 2024-2026; scripts/compare_complaints_citations.py"
KINNEAR PARK,16,0,,47.62727,-122.367071,"calculated: complaints PRR C263990 (point-in-polygon vs ParkServe) vs DLP citations PRR C263949 (park-named), 2024-2026; scripts/compare_complaints_citations.py"
MADRONA PLAYGROUND,12,4,3.0,47.611016,-122.289872,"calculated: complaints PRR C263990 (point-in-polygon vs ParkServe) vs DLP citations PRR C263949 (park-named), 2024-2026; scripts/compare_complaints_citations.py"
BRIGHTON PLAYFIELD,15,1,15.0,47.548383,-122.282083,"calculated: complaints PRR C263990 (point-in-polygon vs ParkServe) vs DLP citations PRR C263949 (park-named), 2024-2026; scripts/compare_complaints_citations.py"
MYRTLE EDWARDS PARK,13,2,6.5,47.618673,-122.360425,"calculated: complaints PRR C263990 (point-in-polygon vs ParkServe) vs DLP citations PRR C263949 (park-named), 2024-2026; scripts/compare_complaints_citations.py"
WALT HUNDLEY PLAYFIELD,14,1,14.0,47.540219,-122.373375,"calculated: complaints PRR C263990 (point-in-polygon vs ParkServe) vs DLP citations PRR C263949 (park-named), 2024-2026; scripts/compare_complaints_citations.py"
ALKI PLAYGROUND,5,8,0.62,47.578491,-122.407298,"calculated: complaints PRR C263990 (point-in-polygon vs ParkServe) vs DLP citations PRR C263949 (park-named), 2024-2026; scripts/compare_complaints_citations.py"
CASCADE PLAYGROUND,9,4,2.25,47.621387,-122.332334,"calculated: complaints PRR C263990 (point-in-polygon vs ParkServe) vs DLP citations PRR C263949 (park-named), 2024-2026; scripts/compare_complaints_citations.py"
FAIRMOUNT PLAYGROUND,11,1,11.0,47.554035,-122.380535,"calculated: complaints PRR C263990 (point-in-polygon vs ParkServe) vs DLP citations PRR C263949 (park-named), 2024-2026; scripts/compare_complaints_citations.py"
CAMP LONG,9,3,3.0,47.556236,-122.373145,"calculated: complaints PRR C263990 (point-in-polygon vs ParkServe) vs DLP citations PRR C263949 (park-named), 2024-2026; scripts/compare_complaints_citations.py"
TASHKENT PARK,11,0,,47.623785,-122.323429,"calculated: complaints PRR C263990 (point-in-polygon vs ParkServe) vs DLP citations PRR C263949 (park-named), 2024-2026; scripts/compare_complaints_citations.py"
INTERBAY ATHLETIC FIELD,7,4,1.75,47.647234,-122.379175,"calculated: complaints PRR C263990 (point-in-polygon vs ParkServe) vs DLP citations PRR C263949 (park-named), 2024-2026; scripts/compare_complaints_citations.py"
DAHL (WALDO J.) PLAYFIELD,8,3,2.67,47.685261,-122.299294,"calculated: complaints PRR C263990 (point-in-polygon vs ParkServe) vs DLP citations PRR C263949 (park-named), 2024-2026; scripts/compare_complaints_citations.py"
LAKE WASHINGTON BOULEVARD,11,0,,47.56548,-122.27046,"calculated: complaints PRR C263990 (point-in-polygon vs ParkServe) vs DLP citations PRR C263949 (park-named), 2024-2026; scripts/compare_complaints_citations.py"
MAGNOLIA PARK,5,5,1.0,47.633443,-122.397378,"calculated: complaints PRR C263990 (point-in-polygon vs ParkServe) vs DLP citations PRR C263949 (park-named), 2024-2026; scripts/compare_complaints_citations.py"
DAEJEON PARK,10,0,,47.591883,-122.312143,"calculated: complaints PRR C263990 (point-in-polygon vs ParkServe) vs DLP citations PRR C263949 (park-named), 2024-2026; scripts/compare_complaints_citations.py"
LAKERIDGE PLAYGROUND,8,1,8.0,47.510314,-122.246826,"calculated: complaints PRR C263990 (point-in-polygon vs ParkServe) vs DLP citations PRR C263949 (park-named), 2024-2026; scripts/compare_complaints_citations.py"
SAM SMITH PARK E,9,0,,47.590067,-122.295752,"calculated: complaints PRR C263990 (point-in-polygon vs ParkServe) vs DLP citations PRR C263949 (park-named), 2024-2026; scripts/compare_complaints_citations.py"
RIVERVIEW PLAYFIELD,4,5,0.8,47.539322,-122.348841,"calculated: complaints PRR C263990 (point-in-polygon vs ParkServe) vs DLP citations PRR C263949 (park-named), 2024-2026; scripts/compare_complaints_citations.py"
JIMI HENDRIX PARK,5,4,1.25,47.588902,-122.300825,"calculated: complaints PRR C263990 (point-in-polygon vs ParkServe) vs DLP citations PRR C263949 (park-named), 2024-2026; scripts/compare_complaints_citations.py"
MONTLAKE PLAYFIELD,5,3,1.67,47.641951,-122.309255,"calculated: complaints PRR C263990 (point-in-polygon vs ParkServe) vs DLP citations PRR C263949 (park-named), 2024-2026; scripts/compare_complaints_citations.py"
MADISON PARK,6,2,3.0,47.635422,-122.277236,"calculated: complaints PRR C263990 (point-in-polygon vs ParkServe) vs DLP citations PRR C263949 (park-named), 2024-2026; scripts/compare_complaints_citations.py"
MADISON PARK NORTH BEACH,7,0,,47.639049,-122.276715,"calculated: complaints PRR C263990 (point-in-polygon vs ParkServe) vs DLP citations PRR C263949 (park-named), 2024-2026; scripts/compare_complaints_citations.py"
BHY KRACKE PARK,7,0,,47.630421,-122.348388,"calculated: complaints PRR C263990 (point-in-polygon vs ParkServe) vs DLP citations PRR C263949 (park-named), 2024-2026; scripts/compare_complaints_citations.py"
JOHN ROGERS ELEMENTARY SCHOOL,7,0,,47.706168,-122.284755,"calculated: complaints PRR C263990 (point-in-polygon vs ParkServe) vs DLP citations PRR C263949 (park-named), 2024-2026; scripts/compare_complaints_citations.py"
KIRKE PARK,7,0,,47.680475,-122.367989,"calculated: complaints PRR C263990 (point-in-polygon vs ParkServe) vs DLP citations PRR C263949 (park-named), 2024-2026; scripts/compare_complaints_citations.py"
SAM SMITH PARK W,6,1,6.0,47.590123,-122.30028,"calculated: complaints PRR C263990 (point-in-polygon vs ParkServe) vs DLP citations PRR C263949 (park-named), 2024-2026; scripts/compare_complaints_citations.py"
BAYVIEW PLAYGROUND,4,3,1.33,47.643796,-122.386772,"calculated: complaints PRR C263990 (point-in-polygon vs ParkServe) vs DLP citations PRR C263949 (park-named), 2024-2026; scripts/compare_complaints_citations.py"
FROULA PLAYGROUND,0,6,0.0,47.680532,-122.313962,"calculated: complaints PRR C263990 (point-in-polygon vs ParkServe) vs DLP citations PRR C263949 (park-named), 2024-2026; scripts/compare_complaints_citations.py"
HIGHLAND PARK PLAYGROUND,3,3,1.0,47.527373,-122.349018,"calculated: complaints PRR C263990 (point-in-polygon vs ParkServe) vs DLP citations PRR C263949 (park-named), 2024-2026; scripts/compare_complaints_citations.py"
KERRY PARK AND VIEWPOINT,6,0,,47.629167,-122.359932,"calculated: complaints PRR C263990 (point-in-polygon vs ParkServe) vs DLP citations PRR C263949 (park-named), 2024-2026; scripts/compare_complaints_citations.py"
ME-KWA-MOOKS PARK,4,2,2.0,47.563161,-122.403992,"calculated: complaints PRR C263990 (point-in-polygon vs ParkServe) vs DLP citations PRR C263949 (park-named), 2024-2026; scripts/compare_complaints_citations.py"
ALVIN LARKINS PARK,6,0,,47.614314,-122.288728,"calculated: complaints PRR C263990 (point-in-polygon vs ParkServe) vs DLP citations PRR C263949 (park-named), 2024-2026; scripts/compare_complaints_citations.py"
SEATTLE CENTER,6,0,,47.621851,-122.351119,"calculated: complaints PRR C263990 (point-in-polygon vs ParkServe) vs DLP citations PRR C263949 (park-named), 2024-2026; scripts/compare_complaints_citations.py"
NORTHACRES PARK,3,2,1.5,47.721554,-122.326977,"calculated: complaints PRR C263990 (point-in-polygon vs ParkServe) vs DLP citations PRR C263949 (park-named), 2024-2026; scripts/compare_complaints_citations.py"
MATTHEWS BEACH PARK,5,0,,47.69604,-122.273375,"calculated: complaints PRR C263990 (point-in-polygon vs ParkServe) vs DLP citations PRR C263949 (park-named), 2024-2026; scripts/compare_complaints_citations.py"
BITTER LAKE PLAYFIELD,3,2,1.5,47.724159,-122.349259,"calculated: complaints PRR C263990 (point-in-polygon vs ParkServe) vs DLP citations PRR C263949 (park-named), 2024-2026; scripts/compare_complaints_citations.py"
FIRST HILL PARK,5,0,,47.611902,-122.325499,"calculated: complaints PRR C263990 (point-in-polygon vs ParkServe) vs DLP citations PRR C263949 (park-named), 2024-2026; scripts/compare_complaints_citations.py"
DR. BLANCHE LAVIZZO PARK,5,0,,47.600272,-122.304163,"calculated: complaints PRR C263990 (point-in-polygon vs ParkServe) vs DLP citations PRR C263949 (park-named), 2024-2026; scripts/compare_complaints_citations.py"
LAKE UNION PARK,5,0,,47.62694,-122.337457,"calculated: complaints PRR C263990 (point-in-polygon vs ParkServe) vs DLP citations PRR C263949 (park-named), 2024-2026; scripts/compare_complaints_citations.py"
ROANOKE PARK,3,1,3.0,47.643717,-122.320169,"calculated: complaints PRR C263990 (point-in-polygon vs ParkServe) vs DLP citations PRR C263949 (park-named), 2024-2026; scripts/compare_complaints_citations.py"
GEORGETOWN PLAYFIELD,4,0,,47.551613,-122.32138,"calculated: complaints PRR C263990 (point-in-polygon vs ParkServe) vs DLP citations PRR C263949 (park-named), 2024-2026; scripts/compare_complaints_citations.py"
DEARBORN PARK,4,0,,47.553563,-122.296766,"calculated: complaints PRR C263990 (point-in-polygon vs ParkServe) vs DLP citations PRR C263949 (park-named), 2024-2026; scripts/compare_complaints_citations.py"
BRYANT NEIGHBORHOOD PLAYGROUND,3,1,3.0,47.675293,-122.28363,"calculated: complaints PRR C263990 (point-in-polygon vs ParkServe) vs DLP citations PRR C263949 (park-named), 2024-2026; scripts/compare_complaints_citations.py"
COWEN PARK,4,0,,47.67259,-122.313057,"calculated: complaints PRR C263990 (point-in-polygon vs ParkServe) vs DLP citations PRR C263949 (park-named), 2024-2026; scripts/compare_complaints_citations.py"
BROADWAY HILL PARK,3,0,,47.62336,-122.318514,"calculated: complaints PRR C263990 (point-in-polygon vs ParkServe) vs DLP citations PRR C263949 (park-named), 2024-2026; scripts/compare_complaints_citations.py"
LESCHI PARK,0,3,0.0,47.600919,-122.28778,"calculated: complaints PRR C263990 (point-in-polygon vs ParkServe) vs DLP citations PRR C263949 (park-named), 2024-2026; scripts/compare_complaints_citations.py"
ERCOLINI PARK,3,0,,47.561508,-122.393069,"calculated: complaints PRR C263990 (point-in-polygon vs ParkServe) vs DLP citations PRR C263949 (park-named), 2024-2026; scripts/compare_complaints_citations.py"
POWELL BARNETT PARK,1,2,0.5,47.605191,-122.295983,"calculated: complaints PRR C263990 (point-in-polygon vs ParkServe) vs DLP citations PRR C263949 (park-named), 2024-2026; scripts/compare_complaints_citations.py"
CROWN HILL PARK,3,0,,47.696574,-122.373324,"calculated: complaints PRR C263990 (point-in-polygon vs ParkServe) vs DLP citations PRR C263949 (park-named), 2024-2026; scripts/compare_complaints_citations.py"
SMITH COVE PARK,1,2,0.5,47.631688,-122.386009,"calculated: complaints PRR C263990 (point-in-polygon vs ParkServe) vs DLP citations PRR C263949 (park-named), 2024-2026; scripts/compare_complaints_citations.py"
17TH & DOCK PAVEMENT TO PARK,3,0,,47.665312,-122.378903,"calculated: complaints PRR C263990 (point-in-polygon vs ParkServe) vs DLP citations PRR C263949 (park-named), 2024-2026; scripts/compare_complaints_citations.py"
LAWTON PARK,3,0,,47.65512,-122.391552,"calculated: complaints PRR C263990 (point-in-polygon vs ParkServe) vs DLP citations PRR C263949 (park-named), 2024-2026; scripts/compare_complaints_citations.py"
WEST MAGNOLIA PLAYFIELD,3,0,,47.643741,-122.399459,"calculated: complaints PRR C263990 (point-in-polygon vs ParkServe) vs DLP citations PRR C263949 (park-named), 2024-2026; scripts/compare_complaints_citations.py"
PRATT PARK,3,0,,47.600699,-122.30745,"calculated: complaints PRR C263990 (point-in-polygon vs ParkServe) vs DLP citations PRR C263949 (park-named), 2024-2026; scripts/compare_complaints_citations.py"
BAR-S PLAYGROUND,1,2,0.5,47.57519,-122.416041,"calculated: complaints PRR C263990 (point-in-polygon vs ParkServe) vs DLP citations PRR C263949 (park-named), 2024-2026; scripts/compare_complaints_citations.py"
ALBERT DAVIS PARK,2,1,2.0,47.720156,-122.298704,"calculated: complaints PRR C263990 (point-in-polygon vs ParkServe) vs DLP citations PRR C263949 (park-named), 2024-2026; scripts/compare_complaints_citations.py"
MYRTLE RESERVOIR PARK,0,3,0.0,47.540249,-122.377493,"calculated: complaints PRR C263990 (point-in-polygon vs ParkServe) vs DLP citations PRR C263949 (park-named), 2024-2026; scripts/compare_complaints_citations.py"
NW 57TH ST,3,0,,47.670442,-122.405291,"calculated: complaints PRR C263990 (point-in-polygon vs ParkServe) vs DLP citations PRR C263949 (park-named), 2024-2026; scripts/compare_complaints_citations.py"
OTHELLO PARK,1,2,0.5,47.536209,-122.278092,"calculated: complaints PRR C263990 (point-in-polygon vs ParkServe) vs DLP citations PRR C263949 (park-named), 2024-2026; scripts/compare_complaints_citations.py"
STURGUS PARK,2,0,,47.594081,-122.314352,"calculated: complaints PRR C263990 (point-in-polygon vs ParkServe) vs DLP citations PRR C263949 (park-named), 2024-2026; scripts/compare_complaints_citations.py"
BITTER LAKE OPEN SPACE PARK,2,0,,47.731176,-122.348568,"calculated: complaints PRR C263990 (point-in-polygon vs ParkServe) vs DLP citations PRR C263949 (park-named), 2024-2026; scripts/compare_complaints_citations.py"
DENNY PARK,2,0,,47.619124,-122.341034,"calculated: complaints PRR C263990 (point-in-polygon vs ParkServe) vs DLP citations PRR C263949 (park-named), 2024-2026; scripts/compare_complaints_citations.py"
E.C. HUGHES PLAYGROUND,0,2,0.0,47.532799,-122.369529,"calculated: complaints PRR C263990 (point-in-polygon vs ParkServe) vs DLP citations PRR C263949 (park-named), 2024-2026; scripts/compare_complaints_citations.py"
ROXHILL PARK,2,0,,47.519491,-122.368866,"calculated: complaints PRR C263990 (point-in-polygon vs ParkServe) vs DLP citations PRR C263949 (park-named), 2024-2026; scripts/compare_complaints_citations.py"
STANLEY SAYRES MEMORIAL PARK,2,0,,47.570727,-122.278081,"calculated: complaints PRR C263990 (point-in-polygon vs ParkServe) vs DLP citations PRR C263949 (park-named), 2024-2026; scripts/compare_complaints_citations.py"
YESLER TERRACE PARK,2,0,,47.60124,-122.320899,"calculated: complaints PRR C263990 (point-in-polygon vs ParkServe) vs DLP citations PRR C263949 (park-named), 2024-2026; scripts/compare_complaints_citations.py"
CHARLES RICHEY SR VIEWPOINT,2,0,,47.572551,-122.413914,"calculated: complaints PRR C263990 (point-in-polygon vs ParkServe) vs DLP citations PRR C263949 (park-named), 2024-2026; scripts/compare_complaints_citations.py"
INTERLAKEN PARK,2,0,,47.636271,-122.30838,"calculated: complaints PRR C263990 (point-in-polygon vs ParkServe) vs DLP citations PRR C263949 (park-named), 2024-2026; scripts/compare_complaints_citations.py"
UNION BAY NATURAL AREA,2,0,,47.656689,-122.29262,"calculated: complaints PRR C263990 (point-in-polygon vs ParkServe) vs DLP citations PRR C263949 (park-named), 2024-2026; scripts/compare_complaints_citations.py"
30TH AVE W END,2,0,,47.631528,-122.39577,"calculated: complaints PRR C263990 (point-in-polygon vs ParkServe) vs DLP citations PRR C263949 (park-named), 2024-2026; scripts/compare_complaints_citations.py"
SPRUCE STREET MINI PARK,2,0,,47.603085,-122.304634,"calculated: complaints PRR C263990 (point-in-polygon vs ParkServe) vs DLP citations PRR C263949 (park-named), 2024-2026; scripts/compare_complaints_citations.py"
FAUNTLEROY PARK,1,1,1.0,47.519187,-122.382967,"calculated: complaints PRR C263990 (point-in-polygon vs ParkServe) vs DLP citations PRR C263949 (park-named), 2024-2026; scripts/compare_complaints_citations.py"
SEVEN HILLS PARK,2,0,,47.617896,-122.311808,"calculated: complaints PRR C263990 (point-in-polygon vs ParkServe) vs DLP citations PRR C263949 (park-named), 2024-2026; scripts/compare_complaints_citations.py"
URSULA JUDKINS VIEWPOINT,0,2,0.0,47.632046,-122.390218,"calculated: complaints PRR C263990 (point-in-polygon vs ParkServe) vs DLP citations PRR C263949 (park-named), 2024-2026; scripts/compare_complaints_citations.py"
FREMONT CANAL PARK,2,0,,47.649918,-122.353716,"calculated: complaints PRR C263990 (point-in-polygon vs ParkServe) vs DLP citations PRR C263949 (park-named), 2024-2026; scripts/compare_complaints_citations.py"
JOE BLOCK PARK,2,0,,47.583691,-122.369954,"calculated: complaints PRR C263990 (point-in-polygon vs ParkServe) vs DLP citations PRR C263949 (park-named), 2024-2026; scripts/compare_complaints_citations.py"
LONGFELLOW CREEK GREENSPACE,1,0,,47.566084,-122.367067,"calculated: complaints PRR C263990 (point-in-polygon vs ParkServe) vs DLP citations PRR C263949 (park-named), 2024-2026; scripts/compare_complaints_citations.py"
PINEHURST POCKET PARK,1,0,,47.71418,-122.308206,"calculated: complaints PRR C263990 (point-in-polygon vs ParkServe) vs DLP citations PRR C263949 (park-named), 2024-2026; scripts/compare_complaints_citations.py"
OCCIDENTAL SQUARE,1,0,,47.600217,-122.333048,"calculated: complaints PRR C263990 (point-in-polygon vs ParkServe) vs DLP citations PRR C263949 (park-named), 2024-2026; scripts/compare_complaints_citations.py"
DR. JOSE RIZAL PARK,1,0,,47.592676,-122.318437,"calculated: complaints PRR C263990 (point-in-polygon vs ParkServe) vs DLP citations PRR C263949 (park-named), 2024-2026; scripts/compare_complaints_citations.py"
KOBE TERRACE,0,1,0.0,47.600414,-122.32448,"calculated: complaints PRR C263990 (point-in-polygon vs ParkServe) vs DLP citations PRR C263949 (park-named), 2024-2026; scripts/compare_complaints_citations.py"
VAN ASSELT PLAYGROUND,0,1,0.0,47.539442,-122.294051,"calculated: complaints PRR C263990 (point-in-polygon vs ParkServe) vs DLP citations PRR C263949 (park-named), 2024-2026; scripts/compare_complaints_citations.py"
JIM ELLIS FREEWAY PARK,1,0,,47.609466,-122.330888,"calculated: complaints PRR C263990 (point-in-polygon vs ParkServe) vs DLP citations PRR C263949 (park-named), 2024-2026; scripts/compare_complaints_citations.py"
FAUNTLEROY FERRY TERMINAL,1,0,,47.523409,-122.393635,"calculated: complaints PRR C263990 (point-in-polygon vs ParkServe) vs DLP citations PRR C263949 (park-named), 2024-2026; scripts/compare_complaints_citations.py"
WEBSTER PARK,1,0,,47.677669,-122.397506,"calculated: complaints PRR C263990 (point-in-polygon vs ParkServe) vs DLP citations PRR C263949 (park-named), 2024-2026; scripts/compare_complaints_citations.py"
BALLARD CORNERS PARK,1,0,,47.674181,-122.379102,"calculated: complaints PRR C263990 (point-in-polygon vs ParkServe) vs DLP citations PRR C263949 (park-named), 2024-2026; scripts/compare_complaints_citations.py"
SPRING STREET MINI PARK,1,0,,47.611796,-122.312386,"calculated: complaints PRR C263990 (point-in-polygon vs ParkServe) vs DLP citations PRR C263949 (park-named), 2024-2026; scripts/compare_complaints_citations.py"
MOUNT BAKER PARK,1,0,,47.582477,-122.288253,"calculated: complaints PRR C263990 (point-in-polygon vs ParkServe) vs DLP citations PRR C263949 (park-named), 2024-2026; scripts/compare_complaints_citations.py"
OBSERVATORY COURTS,0,1,0.0,47.631382,-122.355254,"calculated: complaints PRR C263990 (point-in-polygon vs ParkServe) vs DLP citations PRR C263949 (park-named), 2024-2026; scripts/compare_complaints_citations.py"
VIEWLAND/HOFFMAN ELECTRICAL SUBSTATION OPEN SPACE,1,0,,47.707439,-122.350255,"calculated: complaints PRR C263990 (point-in-polygon vs ParkServe) vs DLP citations PRR C263949 (park-named), 2024-2026; scripts/compare_complaints_citations.py"
SCHMITZ PRESERVE PARK,0,1,0.0,47.574372,-122.400409,"calculated: complaints PRR C263990 (point-in-polygon vs ParkServe) vs DLP citations PRR C263949 (park-named), 2024-2026; scripts/compare_complaints_citations.py"
VIRGIL FLAIM PARK,1,0,,47.717951,-122.29936,"calculated: complaints PRR C263990 (point-in-polygon vs ParkServe) vs DLP citations PRR C263949 (park-named), 2024-2026; scripts/compare_complaints_citations.py"
PARSONS GARDENS,1,0,,47.629862,-122.366067,"calculated: complaints PRR C263990 (point-in-polygon vs ParkServe) vs DLP citations PRR C263949 (park-named), 2024-2026; scripts/compare_complaints_citations.py"
SOLSTICE PARK,0,1,0.0,47.536408,-122.390332,"calculated: complaints PRR C263990 (point-in-polygon vs ParkServe) vs DLP citations PRR C263949 (park-named), 2024-2026; scripts/compare_complaints_citations.py"
PRENTIS I. FRAZIER PARK,1,0,,47.622889,-122.3016,"calculated: complaints PRR C263990 (point-in-polygon vs ParkServe) vs DLP citations PRR C263949 (park-named), 2024-2026; scripts/compare_complaints_citations.py"
BALLARD COMMONS PARK,1,0,,47.670543,-122.385471,"calculated: complaints PRR C263990 (point-in-polygon vs ParkServe) vs DLP citations PRR C263949 (park-named), 2024-2026; scripts/compare_complaints_citations.py"
NORTH TRANSFER STATION,1,0,,47.648948,-122.339037,"calculated: complaints PRR C263990 (point-in-polygon vs ParkServe) vs DLP citations PRR C263949 (park-named), 2024-2026; scripts/compare_complaints_citations.py"
BEER SHEVA PARK,1,0,,47.524312,-122.26373,"calculated: complaints PRR C263990 (point-in-polygon vs ParkServe) vs DLP citations PRR C263949 (park-named), 2024-2026; scripts/compare_complaints_citations.py"
MONTLAKE LID TRAIL,1,0,,47.64481,-122.30067,"calculated: complaints PRR C263990 (point-in-polygon vs ParkServe) vs DLP citations PRR C263949 (park-named), 2024-2026; scripts/compare_complaints_citations.py"
MAGNOLIA MANOR PARK,1,0,,47.651364,-122.391239,"calculated: complaints PRR C263990 (point-in-polygon vs ParkServe) vs DLP citations PRR C263949 (park-named), 2024-2026; scripts/compare_complaints_citations.py"
UNIVERSITY OF WASHINGTON SPORTS FIELDS,1,0,,47.65724,-122.297773,"calculated: complaints PRR C263990 (point-in-polygon vs ParkServe) vs DLP citations PRR C263949 (park-named), 2024-2026; scripts/compare_complaints_citations.py"
JOHN HAY ELEMENTARY SCHOOL,1,0,,47.632672,-122.351873,"calculated: complaints PRR C263990 (point-in-polygon vs ParkServe) vs DLP citations PRR C263949 (park-named), 2024-2026; scripts/compare_complaints_citations.py"
HARBORVIEW PARK,1,0,,47.603812,-122.325514,"calculated: complaints PRR C263990 (point-in-polygon vs ParkServe) vs DLP citations PRR C263949 (park-named), 2024-2026; scripts/compare_complaints_citations.py"
WEST SEATTLE STADIUM,1,0,,47.562816,-122.374333,"calculated: complaints PRR C263990 (point-in-polygon vs ParkServe) vs DLP citations PRR C263949 (park-named), 2024-2026; scripts/compare_complaints_citations.py"
ALICE BALL PARK,1,0,,47.688026,-122.354937,"calculated: complaints PRR C263990 (point-in-polygon vs ParkServe) vs DLP citations PRR C263949 (park-named), 2024-2026; scripts/compare_complaints_citations.py"
ELLA BAILEY PARK,1,0,,47.640579,-122.391043,"calculated: complaints PRR C263990 (point-in-polygon vs ParkServe) vs DLP citations PRR C263949 (park-named), 2024-2026; scripts/compare_complaints_citations.py"
OLYMPIC SCULPTURE PARK,1,0,,47.616475,-122.35528,"calculated: complaints PRR C263990 (point-in-polygon vs ParkServe) vs DLP citations PRR C263949 (park-named), 2024-2026; scripts/compare_complaints_citations.py"
MAPLE WOOD PLAYFIELD,1,0,,47.560039,-122.318834,"calculated: complaints PRR C263990 (point-in-polygon vs ParkServe) vs DLP citations PRR C263949 (park-named), 2024-2026; scripts/compare_complaints_citations.py"
ADAMS PARK,1,0,,47.56504,-122.294452,"calculated: complaints PRR C263990 (point-in-polygon vs ParkServe) vs DLP citations PRR C263949 (park-named), 2024-2026; scripts/compare_complaints_citations.py"
SOUTH PARK PLAYGROUND,1,0,,47.528011,-122.324145,"calculated: complaints PRR C263990 (point-in-polygon vs ParkServe) vs DLP citations PRR C263949 (park-named), 2024-2026; scripts/compare_complaints_citations.py"
SW BRACE PT DR,1,0,,47.520138,-122.39513,"calculated: complaints PRR C263990 (point-in-polygon vs ParkServe) vs DLP citations PRR C263949 (park-named), 2024-2026; scripts/compare_complaints_citations.py"
SOUNDVIEW TERRACE,1,0,,47.640844,-122.371394,"calculated: complaints PRR C263990 (point-in-polygon vs ParkServe) vs DLP citations PRR C263949 (park-named), 2024-2026; scripts/compare_complaints_citations.py"
DAKOTA PLACE PARK,1,0,,47.566906,-122.387151,"calculated: complaints PRR C263990 (point-in-polygon vs ParkServe) vs DLP citations PRR C263949 (park-named), 2024-2026; scripts/compare_complaints_citations.py"
TERRY PETTUS PARK,1,0,,47.636733,-122.329287,"calculated: complaints PRR C263990 (point-in-polygon vs ParkServe) vs DLP citations PRR C263949 (park-named), 2024-2026; scripts/compare_complaints_citations.py"
GEMENSKAP PARK,1,0,,47.672351,-122.373501,"calculated: complaints PRR C263990 (point-in-polygon vs ParkServe) vs DLP citations PRR C263949 (park-named), 2024-2026; scripts/compare_complaints_citations.py"
HUBBARD HOMESTEAD PARK,0,1,0.0,47.710042,-122.32464,"calculated: complaints PRR C263990 (point-in-polygon vs ParkServe) vs DLP citations PRR C263949 (park-named), 2024-2026; scripts/compare_complaints_citations.py"
MEADOWBROOK POND,1,0,,47.706859,-122.289454,"calculated: complaints PRR C263990 (point-in-polygon vs ParkServe) vs DLP citations PRR C263949 (park-named), 2024-2026; scripts/compare_complaints_citations.py"
TROLLEY HILL PARK,0,1,0.0,47.635136,-122.347023,"calculated: complaints PRR C263990 (point-in-polygon vs ParkServe) vs DLP citations PRR C263949 (park-named), 2024-2026; scripts/compare_complaints_citations.py"
LEWIS PARK,1,0,,47.592868,-122.314379,"calculated: complaints PRR C263990 (point-in-polygon vs ParkServe) vs DLP citations PRR C263949 (park-named), 2024-2026; scripts/compare_complaints_citations.py"
PEPPIS PLAYGROUND,1,0,,47.602718,-122.290586,"calculated: complaints PRR C263990 (point-in-polygon vs ParkServe) vs DLP citations PRR C263949 (park-named), 2024-2026; scripts/compare_complaints_citations.py"
CHRISTIE PARK,1,0,,47.659234,-122.319057,"calculated: complaints PRR C263990 (point-in-polygon vs ParkServe) vs DLP citations PRR C263949 (park-named), 2024-2026; scripts/compare_complaints_citations.py"
RAVENNA PARK TRIANGLE,1,0,,47.668164,-122.303518,"calculated: complaints PRR C263990 (point-in-polygon vs ParkServe) vs DLP citations PRR C263949 (park-named), 2024-2026; scripts/compare_complaints_citations.py"
WOODLAND PARK ZOO PLAYGROUND,1,0,,47.671089,-122.353481,"calculated: complaints PRR C263990 (point-in-polygon vs ParkServe) vs DLP citations PRR C263949 (park-named), 2024-2026; scripts/compare_complaints_citations.py"
WARD SPRINGS PARK,1,0,,47.627742,-122.34923,"calculated: complaints PRR C263990 (point-in-polygon vs ParkServe) vs DLP citations PRR C263949 (park-named), 2024-2026; scripts/compare_complaints_citations.py"
CHIEF SEALTH TRAIL,1,0,,47.542203,-122.290372,"calculated: complaints PRR C263990 (point-in-polygon vs ParkServe) vs DLP citations PRR C263949 (park-named), 2024-2026; scripts/compare_complaints_citations.py"
CORMORANT COVE,1,0,,47.570959,-122.411163,"calculated: complaints PRR C263990 (point-in-polygon vs ParkServe) vs DLP citations PRR C263949 (park-named), 2024-2026; scripts/compare_complaints_citations.py"
DRAGONFLY PAVILION AND GARDEN,1,0,,47.566795,-122.367587,"calculated: complaints PRR C263990 (point-in-polygon vs ParkServe) vs DLP citations PRR C263949 (park-named), 2024-2026; scripts/compare_complaints_citations.py"
PRITCHARD ISLAND BEACH,1,0,,47.528554,-122.263025,"calculated: complaints PRR C263990 (point-in-polygon vs ParkServe) vs DLP citations PRR C263949 (park-named), 2024-2026; scripts/compare_complaints_citations.py"
COLMAN PARK,1,0,,47.586511,-122.289887,"calculated: complaints PRR C263990 (point-in-polygon vs ParkServe) vs DLP citations PRR C263949 (park-named), 2024-2026; scripts/compare_complaints_citations.py"
COUNTERBALANCE PARK,1,0,,47.625676,-122.356309,"calculated: complaints PRR C263990 (point-in-polygon vs ParkServe) vs DLP citations PRR C263949 (park-named), 2024-2026; scripts/compare_complaints_citations.py"
LITTLE BROOK PARK,1,0,,47.73138,-122.294552,"calculated: complaints PRR C263990 (point-in-polygon vs ParkServe) vs DLP citations PRR C263949 (park-named), 2024-2026; scripts/compare_complaints_citations.py"
